True Label,Predicted Label,Result
x2cnn,x2cnn,Correct
x347n,x347n,Correct
x362g,x362g,Correct
x37bf,x37bf,Correct
x38fn,x38fn,Correct
x3deb,x3deb,Correct
x3fwf,x3fwf,Correct
x44n4,x44n4,Correct
x458w,x458w,Correct
x4f7g,x4f7g,Correct
x4gg5,x4gg5,Correct
x4pnp,x4pnp,Correct
x5f54,x5f54,Correct
x5nyn,x5nyn,Correct
x6b5m,x6b5m,Correct
x6pdb,x6pdb,Correct
x7422,x7422,Correct
x74b2,x74b2,Correct
x7547,x7547,Correct
x76mn,x76mn,Correct
x7746,x7746,Correct
x775w,x775w,Correct
x8e8n,x8e8n,Correct
x8xnp,x8xnp,Correct
xbcbx,xbcbx,Correct
xbem6,xbem6,Correct
xc68n,xc68n,Correct
xce8d,xce8d,Correct
xcf88,xcf88,Correct
xcmbp,xcmbp,Correct
xdcn4,xdcn4,Correct
xdn65,xdn65,Correct
xe6eb,xe6eb,Correct
xe8xm,xe8xm,Correct
xemyg,xemyg,Correct
xf4p4,xf4p4,Correct
xf5g7,xf5g7,Correct
xfg65,xfg65,Correct
xfgxb,xfgxb,Correct
xfn6n,xfn6n,Correct
xgcxy,xgcxy,Correct
xmcym,xmcym,Correct
xnd3y,xnd3y,Correct
xnfx5,xnfx5,Correct
xngxc,xngxc,Correct
xnn4d,xnn4d,Correct
xnnc3,xnnc3,Correct
xp24p,xp24p,Correct
xw465,xw465,Correct
xwx7d,xwx7d,Correct
xxbm5,xxbm5,Correct
xxney,xxney,Correct
xxw44,xxw44,Correct
xymfn,xymfn,Correct
xyncc,xyncc,Correct
xyyyw,xyyyw,Correct
y2436,y2436,Correct
y2xg4,y2xg4,Correct
y2ye8,y2ye8,Correct
y32yy,y32yy,Correct
y33nm,y33nm,Correct
y3c58,y3c58,Correct
y48c3,y48c3,Correct
y4ec2,y4ec2,Correct
y4g3b,y4g3b,Correct
y4n6m,y4n6m,Correct
y53c2,y53c2,Correct
y5dpp,y5dpp,Correct
y5g87,y5g87,Correct
y5n6d,y5n6d,Correct
y5w28,y5w28,Correct
y7d75,y7d75,Correct
y7mnm,y7mnm,Correct
y7x8p,y7x8p,Correct
y866y,y866y,Correct
ybfx6,ybfx6,Correct
ycmcw,ycmcw,Correct
ycnfc,ycnfc,Correct
yd38e,yd38e,Correct
yd3m3,yd3m3,Correct
yd755,yd755,Correct
ydd3g,ydd3g,Correct
ydg8n,ydg8n,Correct
yemy4,yemy4,Correct
yew6p,yew6p,Correct
yeyn4,yeyn4,Correct
yf28d,yf28d,Correct
yf347,yf347,Correct
yf424,yf424,Correct
yfdn7,yfdn7,Correct
yg5bb,yg5bb,Correct
ygenn,ygenn,Correct
ygfwe,ygfwe,Correct
ymp7g,ymp7g,Correct
ypp8f,ypp8f,Correct
ypw3d,ypw3d,Correct
yw667,yw667,Correct
yw7ny,yw7ny,Correct
ywn6f,ywn6f,Correct
yx2d4,yx2d4,Correct
yxd7m,yxd7m,Correct
yy824,yy824,Correct
yyg5g,yyg5g,Correct
yyn57,yyn57,Correct
